exp_id	timestamp	hypothesis	trades	win_rate	edge	net_r	profit_factor	max_dd	fitness	decision
EXP_000_BASELINE	2026-09-14 17:30:26	Baseline SMC M15 (50% FVG retest, 1:2.0 RR)	221	36.65%	+3.32%	+43.0R	1.34	12.38%	38.5	CHAMPION
EXP_001_EDGE_ENTRY	2026-09-14 17:30:26	FVG Boundary / Edge Entry (Depth 0.00)	201	42.79%	+9.45%	+67.0R	1.65	9.72%	73.46	RATCHET_FORWARD
EXP_002_QUARTER_ENTRY	2026-09-14 17:30:26	Quarter FVG Retest (Depth 0.25)	209	41.63%	+8.29%	+64.0R	1.57	10.63%	67.18	REJECT
EXP_003_DEEP_ENTRY	2026-09-14 17:30:26	Deep FVG Retest (Depth 0.618)	217	36.41%	+3.07%	+41.0R	1.32	9.59%	38.34	REJECT
EXP_004_TARGET_RR_18	2026-09-14 17:30:27	Target 1:1.8 RR (Faster TP liquidation)	201	46.77%	+11.05%	+69.2R	1.71	10.17%	76.79	RATCHET_FORWARD
EXP_005_TARGET_RR_15	2026-09-14 17:30:27	Target 1:1.5 RR (Conservative high win rate)	201	51.74%	+11.74%	+63.0R	1.67	10.07%	69.19	REJECT
EXP_006_TARGET_RR_25	2026-09-14 17:30:27	Target 1:2.5 RR (Macro trend runner)	201	34.33%	+5.76%	+58.5R	1.51	12.4%	57.21	REJECT
EXP_007_TARGET_RR_30	2026-09-14 17:30:27	Target 1:3.0 RR (Wide target expansion)	201	29.85%	+4.85%	+62.0R	1.52	14.15%	58.32	REJECT
EXP_008_SMT_DIVERGENCE	2026-09-14 17:30:28	SMT Divergence Filter (USDJPY vs EURJPY correlation crack)	140	48.57%	+12.86%	+54.4R	1.75	11.36%	61.38	REJECT
EXP_009_ASIAN_JUDAS	2026-09-14 17:30:28	Asian Session Range Judas Swing Filter (London Open sweep)	69	46.38%	+10.66%	+23.6R	1.67	5.85%	19.29	REJECT
EXP_010_SMT_AND_JUDAS	2026-09-14 17:30:28	Dual Confluence: SMT Divergence + Asian Judas Swing	48	50.0%	+14.29%	+21.2R	1.9	4.9%	13.2	REJECT
EXP_011_EDGE_PLUS_RR18	2026-09-14 17:30:29	Edge Entry (0.00) + Target 1:1.8 RR	201	46.77%	+11.05%	+69.2R	1.71	10.17%	76.79	REJECT
EXP_012_EDGE_PLUS_RR15	2026-09-14 17:30:29	Edge Entry (0.00) + Target 1:1.5 RR	201	51.74%	+11.74%	+63.0R	1.67	10.07%	69.19	REJECT
EXP_013_EDGE_SMT_RR18	2026-09-14 17:30:29	Edge Entry + SMT Divergence + Target 1:1.8 RR	140	48.57%	+12.86%	+54.4R	1.75	11.36%	61.38	REJECT
EXP_014_EDGE_SMT_RR20	2026-09-14 17:30:30	Edge Entry + SMT Divergence + Target 1:2.0 RR	140	45.71%	+12.38%	+57.0R	1.76	11.36%	64.85	REJECT
EXP_015_LOOKBACK_25	2026-09-14 17:30:30	Shorter Swing Lookback (25 bars)	225	45.78%	+10.06%	+71.4R	1.64	12.84%	73.89	REJECT
EXP_016_LOOKBACK_35	2026-09-14 17:30:30	Longer Swing Lookback (35 bars)	184	46.2%	+10.48%	+61.0R	1.69	11.76%	64.98	REJECT
EXP_017_SESSION_LONDON	2026-09-14 17:30:30	Pure London Session Window (07:00 to 15:00 UTC)	145	48.97%	+13.25%	+60.8R	1.89	5.85%	76.04	REJECT
EXP_018_SESSION_NY_OVERLAP	2026-09-14 17:30:30	London/NY Overlap Core Window (11:00 to 18:00 UTC)	108	49.07%	+13.36%	+41.4R	1.77	6.49%	51.35	REJECT
